<?xml version="1.0"?>
<doc>
    <assembly>
        <name>/Users/bamboo/code/kaizen/CodeEditor/src/CodeEditor.Text.UI.Unity.Engine/build/Default/CodeEditor.Text.UI.Unity.Engine</name>
    </assembly>
    <members>
        <member name="T:CodeEditor.Text.UI.Unity.Engine.ITextViewAppearanceProvider">
            <summary>
            Must be implemented by the <see cref="T:CodeEditor.Text.UI.Unity.Engine.ITextView" /> host.
            </summary>
        </member>
        <member name="M:CodeEditor.Text.UI.Unity.Engine.ITextViewFactory.CreateView">
            <summary>
            Creates a view with an empty document of content type "text".
            </summary>
        </member>
        <member name="M:CodeEditor.Text.UI.Unity.Engine.ITextViewFactory.ViewForFile(System.String)">
            <summary>
            Creates a view for the specific file taken from the current <see cref="T:CodeEditor.IO.IFileSystem" />.
            </summary>
        </member>
    </members>
</doc>
