<?xml version="1.0"?>
<doc>
    <assembly>
        <name>/Users/bamboo/code/kaizen/CodeEditor/src/CodeEditor.Collections/build/CodeEditor.Collections</name>
    </assembly>
    <members>
        <member name="T:CodeEditor.Collections.IPiece`1">
            <summary>
            An immutable piece of information.
            </summary>
            <typeparam name="T">
            </typeparam>
        </member>
        <member name="T:CodeEditor.Collections.IAppendablePiece`1">
            <summary>
            An immutable piece of information with support for
            fast appending semantics.
            </summary>
            <typeparam name="T">
            </typeparam>
        </member>
        <member name="T:CodeEditor.Collections.PieceTable`1">
            <summary>
            A fully persistent implementation of the piece table data structure
            described in "Data Structures for Text Sequences" by Charles Crowley.
            The data structure is optimized for the most common operations in
            text editing scenarios and makes supporting unlimited undo a breeze.
            </summary>
            <typeparam name="T">
            </typeparam>
        </member>
    </members>
</doc>
