<?xml version="1.0"?>
<doc>
    <assembly>
        <name>/Users/bamboo/code/kaizen/CodeEditor/src/CodeEditor.Composition/build/Default/CodeEditor.Composition</name>
    </assembly>
    <members>
        <member name="T:CodeEditor.Composition.ExportAttribute">
            <summary>
            Marks a class as an export.
            </summary>
        </member>
        <member name="T:CodeEditor.Composition.ImportAttribute">
            <summary>
            Imports a service.
            </summary>
        </member>
        <member name="T:CodeEditor.Composition.ImportManyAttribute">
            <summary>
            Imports all providers of a service.
            </summary>
        </member>
        <member name="T:CodeEditor.Composition.Lazy`2">
            <summary>
            A lazy import to allow selecting the right service based on
            available metadata.
            The service is only requested from the container when <see cref="!:Lazy&lt;T&gt;.Value" />
            is called.
            </summary>
            <typeparam name="T">the contract type</typeparam>
            <typeparam name="TMetadata">the metadata type (must be compatible with a metadata attribute)</typeparam>
        </member>
    </members>
</doc>
