<?xml version="1.0"?>
<doc>
    <assembly>
        <name>/Users/bamboo/code/kaizen/CodeEditor/src/CodeEditor.Text.Data/build/Default/CodeEditor.Text.Data</name>
    </assembly>
    <members>
        <member name="M:CodeEditor.Text.Data.IContentType.GetService(System.Type)">
            <summary>
            Retrieves a content type specific service.
            The export must be decorated with the <see cref="T:CodeEditor.Text.Data.ContentTypeAttribute">ContentType</see>
            metadata attribute:
            <example>
            [ExportDefinition(typeof(ICompletionProviderFactory))]
            [ContentType(CSharpContentType.Name)]
            class CSharpCompletionProviderFactory : ICompletionProviderFactory { ... }
            </example></summary>
        </member>
        <member name="T:CodeEditor.Text.Data.IContentTypeDefinition">
            <summary>
            Register a new content type definition.
            [ContentTypeDefinition("Foo")]
            class FooContentType : IContentTypeDefinition {}
            </summary>
        </member>
        <member name="T:CodeEditor.Text.Data.IFileExtensionToContentTypeDefinition">
            <summary>
            Extension point for new file extension to content type associations.
            [FileExtensionToContentType("Foo", "foo")]
            class FooFileExtension : IFileExtensionToContentTypeDefinition {}
            </summary>
        </member>
    </members>
</doc>
